,question
0,What new features are included in Language Studio 6.0?
1,"What are the main features of the Language Studio, and how does it differ from other products in the market?"
2,How does Language Studio ensure compliance with GDPR and other data privacy regulations?
3,What is Subtitle Optimized Machine Translation?
4,What are the new rights for data subjects under the GDPR?
5,What is the main purpose of the confidence scores in the provided workflow?
6,How do you customize your own machine translation engine using your bilingual and monolingual data assets?
7,"What are the features of Omniscien's Secure Cloud for enterprise project management, editing, and subtitle data processing?"
8,What makes Omniscien's neural machine translation engines different from other MT providers?
9,"What are some of the key data privacy and legal compliance issues that organizations face when using machine translation, voice recognition, optical character recognition, and other NLP processes in the cloud?"
10,"What are the most useful and concise ways to analyze, process, and organize legacy or acquired third-party subtitles, captions, and related data files?"
11,"What are the main trends and caveats in the use of AI and machine learning in the field of cybersecurity, according to the Thailand Joint Foreign Chambers of Commerce document?"
12,"How does Language Studio's integration with IBM Watson enable specialized industry engines for chat-bots, support, and customer engagement solutions?"
13,What are the features of the Secure Cloud Enterprise Edition of Omniscien's Artificial Intelligence Tools?
14,How can I more than double my productivity with machine translation when it is optimized for purpose?
15,What are the supported language pairs for the Omniscien Language Studio?
16,"What are the most relevant AI risks that businesses in Thailand should be aware of, according to the article ""AI and Machine Learning - Trends and Caveats""?"
17,What are some of the data security and privacy measures implemented by Omniscien to protect customer data?
18,What is the most useful yet concise question based on the provided document?
19,What makes Omniscien's team stand out?
20,Can you tell me more about the Natural Language Processing (NLP) skills required for the internship?
21,What were some of the key research reports published by Dion Alma Hofmann during his tenure as Vice President and Research Director for Gartner in Hong Kong?
22,How does Language Studio's machine translation system learn and improve quickly as edits and corrections are applied by professional linguists?
23,What are the benefits of Media Studio's Subtitle Optimized Machine Translation feature?
24,How does Omniscien's Media Studio Project Management and Editing Platform enhance human language technology with artificial intelligence?
25,"What are the core technologies used in Omniscien's Machine Learning, Artificial Intelligence, and Natural Language Processing features?"
26,What are the different billing models offered by Omniscien for its Language Studio product?
27,"What specific experience does Greg have in managing companies in Asia, and how does this experience inform his approach to managing multi-disciplinary teams in these regions?"
28,What are the three pre- and post-processing stages that are optimized for translating subtitles and dialog-based content?
29,How do Omniscien Technologies' custom MT engines differ from their industry domain MT engines?
30,What are the core features of the Media Studio Data Processing Platform?
31,What are the fine-tuned large language models (LLMs) and how do they differ from local agents in the context of language-related AI for enterprises?
32,What specialized project management workflows does the platform offer for subtitling and media teams?
33,"What are the different ways to translate using Machine Translation, and how do they differ in terms of accuracy and speed?"
34,What are the different file formats that OCR can convert?
35,What are the features of the Secure Cloud Enterprise Edition of Omniscien's Artificial Intelligence tools for Enterprise?
36,Can Workflow Studio be used to automatically detect the language of a document and submit an appropriate machine translation engine to convert all documents to English?
37,What are the different deployment models for Omniscien's machine translation solutions?
38,What are the office locations of Omniscien Technologies?
39,"What are the features of Omniscien's Enterprise Project Management, Editing & Subtitle Data Processing platform?"
40,"What are the specific data processing capabilities of the Media Studio Data Processing Platform, and how do they enhance human language technology?"
41,How does Omniscien's Machine Translation platform handle data security and privacy?
42,"What are Industry Domains, and how do they improve machine translation quality?"
43,What is the difference between Standard and Professional Guided Custom MT Engines?
44,What is the primary purpose of the specialized project management platform according to the document?
45,How does Omniscien's Machine Translation engine handle backward compatibility with legacy documents?
46,"What are the detailed features of the Data Processing Platform, specifically the machine translation feature, and how does it compare to a human-only solution?"
47,What are the different ways that Omniscien's Language Studio offers for users and applications to translate?
48,How does Omniscien's Clean Data MT strategy differ from other MT systems in terms of focus and approach?
49,What does KeenCorp's software combine with Omniscien Technologies' Language Studio to provide?
50,"How does Omniscien's Hybrid Deep NMT/SMT compare to other state-of-the-art machine translation engines in terms of performance, flexibility, and cost-effectiveness?"
51,How do Omniscien's team gather and synthesize billions of sentences of training data for AI system adaptation?
52,"What are the different billing models offered by Language Studio, and how do they vary by edition?"
53,What are Omniscien Technologies' supported languages for their integrated solutions partners?
54,What is Omniscien Technologies' primary focus according to the provided document?
55,"What are the different editions of Artificial Intelligence Tools for Enterprise, and what features are included in each?"
56,What are the main features of Omniscien's secure cloud?
57,"What are the features of the Secure Cloud Enterprise product, and how does it differ from the other products offered by Omniscien?"
58,What are the different deployment models available for Language Studio Enterprise Translation Server?
